Branch Name,Branch Id,Address,Branch.Location,State,Zip.Code
BETHLEHEM 23,CBET,2198 Industrial Drive,Bethlehem,PA,18017
VALLEY STREA,CVLS,285 E. Merrick Rd.,Valley Stream,NY,11580
ENERGY SOLUT,CENS,315 Cranbury Half-Acre Rd.,Cranbury,NJ,08513
WILKES-BARRE,FWBA,33 Hill St,Wilkes-Barre,PA,18702
MIDDLETOW 01,CMID,666 Rt 35 South,Middletown,NJ,07748
FREEHOLD 06,CFRE,3477 Route 9 North,Freehold,NJ,07728
FLEMINGTO 12,CFLE,19 Royal Rd,Flemington,NJ,08822
PHILLIPSB 24,CPHI,1201 New Brunswick Ave,Phillipsburg,NJ,08865
LINDEN 02,CLIN,1805 Lower Rd,Linden,NJ,07036
CRANBURY,CCRA,315 Cranbury Half-Acre Rd.,Cranbury,NJ,08513
BRICK 07,CBRI,933 Cedarbridge Ave,Bricktown,NJ,08723
OCEAN,COCN,42 Cindy Lane,Ocean Twp,NJ,07712
BROOKLYN,CBRK,5202 3rd Ave ,Brooklyn,NY,11220
BERLIN 09,CWB,403 Bloomfield Ave,West Berlin,NJ,08091
MANAHAWKI 14,CMAN,317 East Bay Ave,Manahawkin,NJ,08050
HAUPPAUGE,CHAU,70 Marcus Blvd,Hauppauge,NY,11788
LONG ISLAND,CLIC,22-19 41st Ave,Long Island City,NY,11101
PLEASANTVILL,CXPL,,,,
LAVALLETTE,CLAV,903 Grand Central Ave.,Lavallette,NJ,08735
COOP BERLIN,CWB,403 Bloomfield Ave,West Berlin,NJ,08091
PENNSAUKEN,CPEN,20 Twinbridge Dr.,Pennsauken,NJ,08810
SYRACUSE,YSYR,450 TRACY STREET,Syracuse,NY,13204
MAPLE SHADE,CXMA,,,,
BETHLEHEM-98,CBET,2198 Industrial Drive,Bethlehem,PA,18017
COO BERLN-84,CWB,403 Bloomfield Ave,West Berlin,NJ,08091
FLEMINGTO-71,CFLE,19 Royal Rd,Flemington,NJ,08822
LAVALETTE-77,CLAV,903 Grand Central Ave.,Lavallette,NJ,08735
MAPL SHAD-77,CXMA,,,,
VAL STREA-78,CVLS,285 E. Merrick Rd.,Valley Stream,NY,11580
PHILLIPSB-98,CPHI,1201 New Brunswick Ave,Phillipsburg,NJ,08865
OCEAN-76,COCN,42 Cindy Lane,Ocean Twp,NJ,07712
HAUPPAUGE-88,CHAU,70 Marcus Blvd,Hauppauge,NY,11788
LINDEN-78,CLIN,1805 Lower Rd,Linden,NJ,07036
MANAHAWKI-85,CMAN,317 East Bay Ave,Manahawkin,NJ,08050
DELRAN SELL,CXDE,,,,
FREEHOLD-90,CFRE,3477 Route 9 North,Freehold,NJ,07728
ALBANY-73,YALB,1928 US 9,Clifton Park,NY,12065
MAPLSHAD-90,CXMA,,,,
OCEAN-90,COCN,42 Cindy Lane,Ocean Twp,NJ,07712
MANAHAWKI-76,CMAN,317 East Bay Ave,Manahawkin,NJ,08050
BRICK-76,CBRI,933 Cedarbridge Ave,Bricktown,NJ,08723
COOBERLN-90,CWB,403 Bloomfield Ave,West Berlin,NJ,08091
BETHLEHEM-93,CBET,2198 Industrial Drive,Bethlehem,PA,18017
OCEAN-77,COCN,42 Cindy Lane,Ocean Twp,NJ,07712
MANAHAWKI-95,CMAN,317 East Bay Ave,Manahawkin,NJ,08050
HAUPPAUGE-91,CHAU,70 Marcus Blvd,Hauppauge,NY,11788
LINDEN-73,CLIN,1805 Lower Rd,Linden,NJ,07036
BETHLEHEM-79,CBET,2198 Industrial Drive,Bethlehem,PA,18017
COO BERLN-77,CWB,403 Bloomfield Ave,West Berlin,NJ,08091
